ID,Part,Model,Core quantity,Full quantity,Unit USD,Core USD,Full USD,Price basis,Supplier link,Availability,Checked date,Notes
E01,ESP32-S3 controller,Espressif ESP32-S3-DevKitC-1-N8R8,2,2,15,30,30,Manufacturer reference price; obtain a supplier quote,https://www.espressif.com/en/products/devkits/esp32-s3-series/esp32-s3-devkitc-1,Supplier stock not verified,2026-10-05,"DevKitC pinout, not the Feather board; two current firmware copies drive only two servos"
E02,Positional micro servo,TowerPro MG90D; Adafruit 1143,2,4,9.95,19.9,39.8,Listed price,https://www.adafruit.com/product/1143,Out of stock at checked supplier,2026-10-05,Reference actuator only; torque/travel and current must be measured before committing to four arms
E03,Joystick module,Adafruit 512 analog joystick kit,2,2,5.95,11.9,11.9,Listed price,https://www.adafruit.com/product/512,In stock when checked,2026-10-05,External operator controls; run analog outputs at 3.3 V
E04,Force-sensitive resistor,Alpha MF01A-N-221-A01; Adafruit 166,2,4,3.95,7.9,15.8,Listed price,https://www.adafruit.com/product/166,In stock when checked,2026-10-05,Reference pads shown separately until contact-pad mounts are designed; not calibrated load cells
E05,Servo supply,5 V 4 A supply; Adafruit 1466,1,1,14.95,14.95,14.95,Listed price,https://www.adafruit.com/product/1466,Add-to-cart available when checked,2026-10-05,External tabletop supply only; simultaneous stall-current budget remains unverified
E06,DC input adapter,2.1 mm jack to terminal block; Adafruit 368,1,1,2,2,2,Listed price,https://www.adafruit.com/product/368,In stock when checked,2026-10-05,Positive-tip low-voltage input; strain relief and current rating need verification
E07,FSR divider resistors,10 kilohm axial resistors; one pack,1,1,0.75,0.75,0.75,Planning allowance; exact pack not selected,https://www.adafruit.com/category/131,Exact part not selected,2026-10-05,Use two resistors for core and four for full layout; pack must contain at least four
M01,Printed shell and segments,Author's octopus geometry; PETG/TPU choice pending,1,1,20,20,20,"Material allocation estimate, not a printing-service quote",https://us.store.bambulab.com/collections/filament,Material and print settings not selected,2026-10-05,One shell plus 24 segment pieces; existing printer and tools assumed; original editable CAD still needed
M02,Tendon and return materials,Line and elastic return trial allowance,1,1,8,8,8,Planning allowance; exact line and return system not selected,https://www.mcmaster.com/cord/,Exact parts not selected,2026-10-05,No assumption that releasing a servo automatically straightens an arm
M03,Mounts and fasteners,Prototype mounting allowance,1,1,10,10,10,Planning allowance; quantities and sizes not finalized,https://www.mcmaster.com/screws/,Exact parts not selected,2026-10-05,Do not drill from envelope CAD; retain servo's included horn/screw hardware
E08,Wiring and prototyping materials,"Wire, connectors, board and protection allowance",1,1,15,15,15,Planning allowance; exact parts and protection rating not selected,https://www.adafruit.com/category/43,Exact parts not selected,2026-10-05,"Includes common ground, separate servo rail, supply disconnect and suitable overcurrent protection"
E09,Controller USB cables,Two data-capable micro-USB cables,2,2,3,6,6,Planning allowance; exact cable not selected,https://www.adafruit.com/category/34,Exact parts not selected,2026-10-05,Power controllers from USB during initial bench tests; do not parallel USB and external 5 V without checking board instructions
P01,Raspberry Pi,Raspberry Pi Zero 2 W,0,1,15,0,15,Manufacturer reference price; supplier quote needed,https://www.raspberrypi.com/products/raspberry-pi-zero-2-w/,Reseller stock not verified,2026-10-05,Optional external brain reference; roof mount/protection and Pi software remain to be designed
P02,Display,Adafruit 1770 ILI9341 2.8 inch breakout,0,1,29.95,0,29.95,Listed price,https://www.adafruit.com/product/1770,In stock when checked,2026-10-05,"Optional SPI display; no touchscreen controller, cutout, mount or display software supplied"
P03,Pi storage,32 GB microSD card allowance,0,1,12,0,12,Planning allowance; exact stocked card not selected,https://www.raspberrypi.com/products/sd-cards/,Exact part not selected,2026-10-05,Use an appropriate current Raspberry Pi OS image; card socket engagement not modeled
P04,Pi power,Separate 5 V 2 A supply; Adafruit 276,0,1,7.95,0,7.95,Listed price,https://www.adafruit.com/product/276,Add-to-cart available when checked,2026-10-05,"External supply; requires correct micro-USB power adapter, not the servo rail"
P05,Pi power adapter cable,2.1 mm barrel to micro-USB power cable allowance,0,1,5,0,5,Planning allowance; exact cable not selected,https://www.adafruit.com/category/34,Exact part not selected,2026-10-05,Verify polarity and supply connector fit before powering Pi
B01,Shipping and tax,Checkout allowance,1,1,25,25,25,"Estimate, not a supplier quote",,Checkout required,2026-10-05,Multiple suppliers or printing services can cost more
B02,Prototype contingency,Spare parts and reprint allowance,1,1,20,20,20,Estimate,,Not applicable,2026-10-05,Does not cover a major actuator redesign
TOTAL,Planning budget; not a purchase-ready BOM,USD,,,,191.4,289.1,,,,,
